{
  "version": 3,
  "cmakeMinimumRequired": { 
    "major": 3, 
    "minor": 20, 
    "patch": 0 
  },
  "configurePresets": [
    {
      "name": "windows-msvc",
      "generator": "Ninja",
      "cacheVariables": {
        "CMAKE_C_COMPILER": "cl",
        "CMAKE_CXX_COMPILER": "cl",
        "CMAKE_CXX_FLAGS_INIT": "/MP /fp:fast /arch:AVX2 /D_CRT_SECURE_NO_WARNINGS /D_SILENCE_NONFLOATING_COMPLEX_DEPRECATION_WARNING",
        "CMAKE_C_FLAGS_INIT": "/MP /fp:fast /arch:AVX2 /D_CRT_SECURE_NO_WARNINGS /D_SILENCE_NONFLOATING_COMPLEX_DEPRECATION_WARNING"
      }
    },
    {
      "name": "windows-clang",
      "generator": "Ninja",
      "cacheVariables": {
        "CMAKE_C_COMPILER": "clang",
        "CMAKE_CXX_COMPILER": "clang++",
        "CMAKE_CXX_FLAGS_INIT": "-ffast-math -march=native -D_CRT_SECURE_NO_WARNINGS -D_SILENCE_NONFLOATING_COMPLEX_DEPRECATION_WARNING",
        "CMAKE_C_FLAGS_INIT": "-ffast-math -march=native -D_CRT_SECURE_NO_WARNINGS -D_SILENCE_NONFLOATING_COMPLEX_DEPRECATION_WARNING"
      }
    },
    {
      "name": "gcc",
      "generator": "Ninja",
      "cacheVariables": {
        "CMAKE_C_COMPILER": "gcc",
        "CMAKE_CXX_COMPILER": "g++",
        "CMAKE_CXX_FLAGS_INIT": "-ffast-math -march=native",
        "CMAKE_C_FLAGS_INIT": "-ffast-math -march=native"
      }
    },
    {
      "name": "clang",
      "generator": "Ninja",
      "cacheVariables": {
        "CMAKE_C_COMPILER": "clang",
        "CMAKE_CXX_COMPILER": "clang++",
        "CMAKE_CXX_FLAGS_INIT": "-ffast-math -march=native",
        "CMAKE_C_FLAGS_INIT": "-ffast-math -march=native"
      }
    },
    {
      "name": "clang-arm",
      "generator": "Ninja",
      "cacheVariables": {
        "CMAKE_C_COMPILER": "clang",
        "CMAKE_CXX_COMPILER": "clang++",
        "CMAKE_CXX_FLAGS_INIT": "-ffast-math",
        "CMAKE_C_FLAGS_INIT": "-ffast-math"
      }
    },
    {
      "name": "gcc-arm-simulator",
      "generator": "Ninja",
      "cacheVariables": {
        "CMAKE_C_COMPILER": "/usr/bin/aarch64-linux-gnu-gcc",
        "CMAKE_CXX_COMPILER": "/usr/bin/aarch64-linux-gnu-g++",
        "CMAKE_CXX_FLAGS_INIT": "-ffast-math",
        "CMAKE_C_FLAGS_INIT": "-ffast-math"
      }
    }
  ]
}
